{
  "lightgbm": {
    "mean_score": 0.7022530532324904,
    "std_score": 0.020351343342385884,
    "scores": [
      0.736055866662672,
      0.689137213962575,
      0.7124225075720825,
      0.6774239599757881,
      0.696225717989335
    ]
  },
  "xgboost": {
    "mean_score": 0.7071351847910046,
    "std_score": 0.016754119823179967,
    "scores": [
      0.7369106443072437,
      0.6936381430840451,
      0.7136821401122773,
      0.6917606124530474,
      0.699684383998409
    ]
  },
  "ensemble": {
    "score": 0.7086832398612367,
    "binary_f1": 0.9419808556358664,
    "macro_f1": 0.47538562408660695
  },
  "feature_count": 416,
  "training_samples": 8150,
  "timestamp": "2025-08-13T00:29:14.500223"
}