{
  "competition_score": 0.5968997297806539,
  "binary_f1": 0.8757575757575757,
  "macro_f1": 0.31804188380373205,
  "accuracy": 0.36
}