{
  "cv_scores": [
    0.758031707915167,
    0.7110777753944229,
    0.709985191374602,
    0.7028496927568162,
    0.7111178938521903
  ],
  "mean_cv_score": 0.7186124522586397,
  "std_cv_score": 0.019948492149253205,
  "n_folds": 5
}